sermon_id,livro,capitulo_inicio,versiculo_inicio,capitulo_fim,versiculo_fim,justificativa
898460020,Colossenses,2,11,2,12,O pregador anuncia a leitura de Colossenses 2:11-12 para explicar a relação entre circuncisão e batismo.
732119686,Gênesis,2,1,2,3,O pregador pede que abram em Gênesis capítulo 2 e lê explicitamente os versículos 1 a 3 como fundamento do quarto mandamento.
1551686110,1 Timóteo,3,,,,"O professor convida a abrir em 1 Timóteo 3 e afirma que seguirá esse texto nas aulas, expondo as qualificações e funções dos presbíteros."
696290741,Deuteronômio,19,1,19,10,"O pregador anuncia Deuteronômio 19:1-10 como o texto sobre as cidades de refúgio, lê seus versículos e começa a expor seus princípios."
696283831,,,,,,"É uma aula sobre o magistrado civil e os princípios das leis do Antigo Testamento, sem anúncio ou exposição de uma passagem bíblica principal; Romanos 13 e outros textos são apenas citados incidentalmente."
676484495,Romanos,13,1,13,7,O pregador anuncia e lê Romanos 13:1-7 como um dos principais textos sobre o magistrado civil.
999724447,1 Pedro,3,14,3,16,"O professor anuncia “1 Pedro, capítulo 3, versículo 14 a 16” e lê esse trecho como base para definir a apologética."
1337445385,,,,,,"A aula trata do tema geral dos sinais, citando diversos textos apenas como exemplos, sem anunciar ou expor uma passagem bíblica principal."
1543816963,Provérbios,22,6,22,6,"O pregador afirma que sempre voltará ao provérbio “ensina a criança no caminho em que deve andar”, desenvolvendo a aula a partir desse texto."
678013749,,,,,,"A aula expõe o capítulo 23 da Confissão de Fé de Westminster sobre o magistrado civil e cita vários textos bíblicos, sem anunciar uma passagem principal única."
681248063,,,,,,"A transcrição apresenta uma exposição teológica sobre as partes da santificação e cita diversos textos, sem anunciar ou desenvolver uma passagem bíblica principal."
910729888,Êxodo,20,16,20,16,"O pregador orienta os ouvintes a abrirem em Êxodo 20:16 e lê: “Não dirás falso testemunho contra o teu próximo”, texto principal do estudo sobre o nono mandamento."
768719251,Salmos,77,,,,"O pregador anuncia que discutirá a meditação cristã através do Salmo 77, pede que a igreja abra nesse salmo e inicia sua exposição comentada do capítulo."
681509552,João,21,25,21,25,O pregador inicia a aula convidando a igreja a abrir a Palavra em João 21:25 e solicita a leitura desse versículo como texto de abertura.
681251273,Gálatas,3,1,3,3,O pregador anuncia e solicita a leitura de Gálatas 3:1–3 como referência principal para explicar o legalismo na santificação.
844353937,1 Timóteo,2,13,2,14,O pregador pede que os irmãos abram 1 Timóteo 2.13-14 e expõe esse texto como fundamento da liderança masculina.
1543328587,Mateus,5,27,5,28,"O pregador manda abrir a Bíblia em Mateus 5:27-28, lê os versículos e os expõe ao explicar o conceito bíblico de adultério."
1540189468,Efésios,5,22,5,30,"O pregador anuncia: “abram as Bíblias... em Efésios, capítulo 5, de 22 a 30” e lê esse trecho para expor os papéis no casamento."
772956310,Deuteronômio,25,13,25,16,O pregador pede que a congregação abra e leia Deuteronômio 25:13-16 ao tratar das fraudes como pecado contra o oitavo mandamento.
681242762,,,,,,"O pregador esclarece que esta é uma palestra temática sobre santificação e que não irá expor um texto bíblico específico, usando Isaías 57:15 e outros textos apenas como fundamentação."
1377637159,,,,,,"O pregador afirma explicitamente que a aula é temática, que não fará a exposição de um texto específico e que percorrerá várias passagens das Escrituras."
1120404124,1 Timóteo,2,11,2,15,"O pregador anuncia a exposição de 1 Timóteo 2 e desenvolve os versículos 11 a 15 sobre a mulher ensinar, exercer autoridade e o papel de Eva."
1855461150,,,,,,"A aula expõe a seção 1 do capítulo 3 da Confissão de Fé de Westminster sobre o eterno decreto de Deus; os textos de Salmo 90, Efésios 1, Mateus 11 e outros são apenas citações de apoio."
924118537,,,,,,"O sermão é um estudo temático sobre culto doméstico, apresentando várias bases bíblicas — como Josué 24, Jó 1, Deuteronômio 6 e outras — sem anunciar uma passagem principal para exposição."
688431466,,,,,,"A aula é uma introdução geral ao primeiro e segundo mandamentos e aos símbolos de fé de Westminster, sem anunciar uma passagem bíblica principal para exposição."
904514971,Êxodo,20,17,,,"O pregador anuncia e lê Êxodo 20:17 como o texto do décimo mandamento, que será exposto."
1867625913,Romanos,11,33,11,36,O pregador convidou a igreja a abrir em Romanos 11:33 e leu em voz alta os versículos 33 a 36 como introdução à aula.
1392258598,João,4,23,4,24,O pregador identifica como texto base a afirmação de Jesus de que os verdadeiros adoradores adorarão o Pai em espírito e em verdade.
1972738531,Gênesis,1,,2,,O pregador pede que a Bíblia fique aberta em Gênesis para ler e expor Gênesis 1 e 2 como fundamento do casamento.
1176319066,,,,,,"A aula trata historicamente da Reforma Protestante e de suas contribuições, sem anunciar, ler ou expor uma passagem bíblica principal."
1467388156,,,,,,"A aula é temática sobre o vinho na ceia e cita Lucas 22 e 1 Coríntios 10:16-17 apenas como apoio, sem anunciar uma passagem principal para exposição."
1120351786,1 Timóteo,3,,3,,"Após a leitura introdutória de Mateus 9:35-38, o pregador direciona a exposição para 1 Timóteo capítulo 3, apresentando a lista de qualificações para bispos, pastores e presbíteros."
1819284144,Romanos,10,9,10,10,"O professor convida a abrir em Romanos 10:9-10, lê os versículos e os usa para introduzir o imperativo de confessar publicamente a fé."
768742057,Mateus,5,21,5,22,"O pregador apresenta Mateus 5:21-22 como um dos textos principais para esclarecer a abrangência espiritual do sexto mandamento, citando-o integralmente."
976436881,Êxodo,20,8,20,11,O pregador anuncia explicitamente que vai expor o quarto mandamento e pede a leitura de Êxodo 20:8-11.
1361305654,Gênesis,2,,,,"O pregador anuncia: “vamos ler Gênesis 2”, pede que acompanhem e lê todo o capítulo para expor como Deus preparou Adão para o casamento."
1895968185,Efésios,4,,4,,"O pregador anuncia “Efésios, capítulo 4” e expõe sucessivamente o capítulo, lendo trechos dos versículos 1–32 sobre a mudança de comportamento e a santificação."
1888103361,Romanos,15,1,15,4,"O pregador expõe Romanos 15:1-4, começando pelos versículos 1 e 2 e destacando o versículo 4: “tudo quanto outrora foi escrito para o nosso ensino”."
768778078,1 Coríntios,12,4,12,11,O pregador convida a igreja a abrir em 1 Coríntios 12:4 e lê e expõe os versículos 4 a 11 sobre os dons espirituais e o serviço na igreja.
1231789234,Colossenses,2,16,2,17,"O professor anuncia Colossenses 2:16 e lê os versículos sobre dias de festa, lua nova e sábados, dizendo que fará a interpretação e exegese desse texto."
1543835521,,,,,,"É uma aula temática sobre a função e a escolha de presbíteros, que usa Deuteronômio 1:13 e Atos 14:23 apenas como textos introdutórios e depois percorre várias passagens."
1561393408,1 Timóteo,3,2,3,7,"O pregador anuncia a continuação da exposição de 1 Timóteo 3 sobre as qualificações dos presbíteros, retomando o versículo 2 e tratando de características como hospitalidade e aptidão para ensinar."
768771580,1 Timóteo,3,8,3,13,O pregador anuncia 1 Timóteo 3 a partir do versículo 8 como o texto que trata direta e detalhadamente das qualidades necessárias aos diáconos.
1199379403,Atos,6,1,6,6,"O pregador anuncia Atos capítulo 6 como o texto clássico sobre a diaconia e lê os versículos 1 a 6, sobre a escolha dos sete para servir às mesas."
1701557700,Gênesis,3,17,3,19,O pregador anuncia Gênesis 3:17 como a passagem sobre as consequências da desobediência e expõe a maldição da criação e a entrada da morte e da enfermidade após a queda.
1231796089,Êxodo,14,15,14,18,O pregador abre a Bíblia em Êxodo e anuncia a leitura de 14:15-18 como um dos dois momentos centrais da reflexão sobre a história da redenção.
745716259,Deuteronômio,21,18,21,18,"Embora o sermão trate do quinto mandamento, o pregador anuncia e lê Deuteronômio 21:18 como o texto que mostra a seriedade de honrar os pais."
1243327906,Mateus,12,1,12,8,"O pregador anuncia e lê em voz alta Mateus 12:1-8, passagem que usa para expor as obras de necessidade no dia do Senhor."
1974908959,,,,,,"A aula anuncia e expõe o capítulo 12 da Confissão de Fé de Westminster, sobre a adoção, usando vários textos bíblicos apenas como referências de apoio."
1519147972,,,,,,"A aula aborda criação e ensino de filhos de forma temática e cita vários textos (como Provérbios 22:15, Salmos 51:5 e Romanos 5:12), sem anunciar ou expor uma passagem principal."
1561411696,1 Reis,3,5,3,9,O pregador anuncia e lê em voz alta 1 Reis 3:5-9 como o texto inicial da aula.
1569679444,Atos,6,1,6,6,"O pregador convida a igreja a abrir em Atos 6, lê os versículos 1 a 6 e expõe a escolha dos sete para o serviço às mesas."
1176318775,Romanos,3,19,3,,"O pregador convida a igreja a abrir Romanos 3 e anuncia a meditação a partir do versículo 19, expondo a justificação pela fé."
1346064853,,,,,,"Trata-se de uma aula doutrinária sobre graça eficaz, com várias passagens citadas e lidas brevemente, mas sem um texto bíblico principal anunciado para exposição."
733999195,Êxodo,20,13,,13,"O pregador anuncia explicitamente: “o sexto mandamento, Êxodo, capítulo 20, versículo 13, não matarás”, e passa a expor esse mandamento."
929476951,Gênesis,17,1,17,14,"O pregador anuncia Gênesis 17, a partir do verso 1, e lê a passagem que institui a circuncisão como sinal da aliança."
772955293,,,,,,"A mensagem é uma exposição temática do sétimo mandamento, sem anunciar ou ler uma passagem principal; Provérbios 5, Malaquias 2 e Gênesis 2 aparecem apenas como textos de apoio."
1888247964,,,,,,"A introdução trata tematicamente do aconselhamento bíblico e cita Gênesis, Salmos e Marcos apenas como exemplos, sem anunciar ou expor uma passagem principal."
1220830990,,,,,,"É uma aula temática de EBD sobre o atributo da onisciência, com várias passagens citadas incidentalmente, sem um texto bíblico principal anunciado para exposição."
745716865,,,,,,"O trecho apresenta uma aula temática sobre as bases bíblicas da educação cristã, mas não anuncia, lê ou expõe uma passagem bíblica principal."
1888473222,Provérbios,20,5,20,5,"O pregador anuncia: “Abra sua Bíblia em Provérbios, capítulo 20” e lê o versículo 5, que passa a nortear a exposição."
1210543666,1 Coríntios,12,4,12,7,O professor afirma que 1 Coríntios 12–14 é um dos principais textos sobre o serviço cristão e lê especificamente 1 Coríntios 12:4-7 para expor os dons espirituais.
1142779882,1 Timóteo,3,1,3,6,"O pregador anuncia que continuará a exposição de 1 Timóteo 3, tratando das qualificações dos presbíteros, especialmente a partir do versículo 3."
1461931729,Levítico,10,8,10,11,O pregador convida a igreja a abrir em Levítico 10 e lê explicitamente os versículos 8 a 11 como texto inicial da aula.
768751630,Atos,6,1,6,6,"O pregador convida a igreja a abrir em Atos 6, lê os versículos 1 a 6 e expõe a escolha dos sete para o serviço aos necessitados."
1585036807,1 Timóteo,3,8,3,13,O pregador anuncia que continuará em 1 Timóteo 3 a partir do versículo 8 para expor a lista de qualificações necessárias aos diáconos.
1310650318,2 Reis,25,8,25,13,O pregador pede que abram em 2 Reis 25 e anuncia a leitura dos versículos 8 a 13 como ponto de partida para a visão geral do livro.
929252041,Gênesis,12,1,12,3,"O pregador convida a abrir Gênesis 12 e lê os primeiros versos, sobre o chamado e a promessa de Deus a Abrão."
1164187987,,,,,,"A aula trata das marcas de uma igreja fiel e da doutrina da igreja na Confissão de Westminster, percorrendo vários textos bíblicos sem anunciar ou expor uma passagem principal."
1120324048,,,,,,"A aula é temática sobre o ministério de presbíteros, bispos e pastores, usando Deuteronômio 1:13 e Atos 14:23 apenas como textos introdutórios e citando várias outras passagens."
1830355353,,,,,,"A aula expõe a Confissão de Fé de Westminster, capítulo 1, sobre as Escrituras e os livros apócrifos, sem anunciar ou ler uma passagem bíblica principal."
1199386144,Mateus,20,25,20,28,"O pregador convida a igreja a abrir Mateus 20:25-28, lê esses versículos e os usa como base para ensinar que o maior deve servir."
1517246116,Atos,2,42,2,47,O professor convida a igreja a abrir em Atos 2 e lê explicitamente os versículos 42 a 47 como base da aula sobre comunhão.
1540200088,Efésios,3,10,3,10,"O professor convida a classe a abrir em Efésios 3:10, lê o versículo e o usa como base para destacar a glória da igreja reunida no culto."
1519140202,Gênesis,2,18,2,25,O pregador anuncia que fará uma exposição de Gênesis 2:18–25 e lê esse texto sobre a criação do primeiro casamento.
1971226727,,,,,,"A aula é sobre o capítulo 8 da Confissão de Fé de Westminster, “Cristo, o Mediador”, e apenas cita diversos textos bíblicos como apoio, sem anunciar uma passagem principal para exposição."
768761029,,,,,,"A aula trata tematicamente das funções dos diáconos e cita Atos 6 e 1 Timóteo 3, mas não anuncia nem expõe uma passagem principal específica."
1574521825,Mateus,20,25,20,28,O pregador anuncia que introduzirá a aula lendo Mateus 20:25-28 e lê esse trecho sobre Jesus e o serviço.
1256018542,Neemias,8,1,8,12,"O professor anuncia Neemias 8, diz que lerá até o versículo 12 e desenvolve a exposição a partir desse texto."
1929151187,Gênesis,40,,,,"O pregador anuncia que meditará em Gênesis, capítulo 40, pede que a passagem seja aberta e começa a expor o capítulo inteiro."
1281227713,Malaquias,3,6,3,6,"O pregador anuncia a leitura de Malaquias 3:6 e expõe a declaração: “porque eu, o Senhor, não mudo”, como fundamento da imutabilidade de Deus."
1926048176,Gênesis,3,1,3,13,"O pregador anuncia que estudará Gênesis 3 até o versículo 13, tratando da queda, da nudez e da vergonha; o versículo 21 será apenas consultado rapidamente."
1256014006,Atos,2,42,2,47,"O pregador convida a igreja a abrir em Atos 2:42-47, lê o trecho e afirma que destacará princípios evidentes nesse texto."
732123319,,,,,,"A transcrição apresenta uma aula prática sobre o quarto mandamento, com várias citações bíblicas incidentais, mas não anuncia nem expõe uma passagem principal específica."
1142769673,1 Timóteo,3,2,3,2,O professor retoma 1 Timóteo 3:2 e expõe a exigência de que o presbítero seja hospitaleiro.
929785990,Ageu,2,1,,,"O pregador anuncia explicitamente: “Ageu, capítulo 2, a partir do verso 1º”, para tratar da reconstrução e da glória do templo."
1210550542,Salmos,139,7,139,10,"O pregador anuncia explicitamente o Salmo 139, versículos 7 a 10, como a passagem por excelência sobre a onipresença de Deus, e o lê em seguida."
1971239723,,,,,,"A transcrição é uma aula da Confissão de Fé de Westminster sobre Cristo, o Mediador; as passagens bíblicas mencionadas são usadas apenas como citações de apoio, sem um texto principal anunciado ou exposto."
1820311581,,,,,,"A aula expõe o capítulo 1 da Confissão de Fé de Westminster sobre as Sagradas Escrituras, usando várias passagens bíblicas apenas como apoio."
768713350,,,,,,"O início apresenta uma aula temática sobre educação cristã, coração e idolatria, sem anunciar, ler ou expor uma passagem bíblica principal."
1179289150,João,4,24,4,24,O pregador pede que abram em João 4:24 e lê: “Deus é espírito e importa que seus adoradores o adorem em espírito e em verdade”.
1268800444,,,,,,"A aula trata do atributo da bondade de Deus e cita várias passagens (como Salmos 34, 100, 106 e 145), mas não anuncia nem desenvolve uma única passagem principal."
1938323714,,,,,,"A aula é sobre o capítulo 5 da Confissão de Fé de Westminster, “Da providência”; as passagens de Gênesis 40, Rute 2, 1 Reis 22 e Deuteronômio 19 são apenas citadas como exemplos."
1268804893,,,,,,"É uma aula temática de EBD sobre o atributo do amor de Deus, que percorre várias passagens do Novo Testamento, sem anunciar um texto principal único."
1517268160,Neemias,8,,,,"O pregador anuncia que vai ler e expor Neemias capítulo 8, destacando a liderança e o ensino da Palavra na unidade da igreja."
1645802787,,,,,,"A transcrição é uma introdução doutrinária sobre a teologia das alianças; Gênesis 15 e Gênesis 2:17 são apenas citados como exemplos, sem serem anunciados ou expostos como texto principal."
1861343481,Deuteronômio,29,29,29,29,"O professor anuncia que a aula começa com Deuteronômio 29:29, lê o versículo e o usa para distinguir entre as coisas encobertas e as reveladas no problema do mal."
1176335227,,,,,,"O início apresenta uma aula temática sobre os atributos de Deus, especialmente a autoexistência, citando Isaías apenas como referência geral, sem anunciar ou expor uma passagem principal."
1674375114,1 Tessalonicenses,4,13,5,11,"O pregador anuncia 1 Tessalonicenses 4:18 e 5:11 como o mandamento principal, e expõe seus contextos, especialmente 4:13-17 e 5:1-11."
1291214050,Romanos,1,18,1,18,"O pregador anuncia: “Vamos abrir lá em Romanos 1,18” e passa a expor a afirmação de que a ira de Deus se revela contra a impiedade humana."
1176584521,,,,,,"A transcrição apresenta uma aula da EBD sobre o atributo da soberania de Deus, sem anunciar ou expor uma passagem bíblica principal."
1971209091,2 Reis,25,8,25,13,O pregador pediu que a igreja abrisse em 2 Reis 25:8 e leu os versículos 8 a 13 como ponto de partida para o panorama do Livro dos Reis.
958250851,,,,,,"A aula trata de liberdade de expressão e crença religiosa sob perspectivas jurídicas e doutrinárias, sem anunciar ou expor uma passagem bíblica principal; Levítico e Romanos são apenas citados incidentalmente."
1221420628,,,,,,"A transcrição apresenta uma aula sobre o atributo da onipotência de Deus com base na Confissão e no Catecismo de Westminster, sem anunciar ou expor uma passagem bíblica principal."
1646457042,Romanos,5,12,5,21,"O pregador interrompe a exposição em Lucas, anuncia Romanos capítulo 5 e lê explicitamente os versículos 12 a 21 sobre Adão e Cristo."
1646774532,,,,,,"É uma palestra temática sobre o Evangelho de Mateus e o cumprimento das alianças, com várias citações e referências (como Mateus 1:1 e 4:12-17 e Isaías 9:1-2), mas sem uma passagem principal claramente anunciada para exposição."
1855440861,,,,,,"O sermão anuncia e expõe o inciso 3 do capítulo 2 da Confissão de Fé de Westminster, sobre a Santíssima Trindade; as passagens bíblicas citadas são apenas textos de apoio."
1971248099,,,,,,"A aula expõe o capítulo 9 da Confissão de Fé de Westminster sobre o livre-arbítrio, usando Mateus, Tiago e Jeremias apenas como citações de apoio, sem anunciar uma passagem bíblica principal."
1646234136,Gênesis,9,8,9,17,"O pregador anuncia explicitamente “Gênesis 9, de 8 a 17” e lê esse trecho ao expor a aliança da preservação com Noé."
1176590620,,,,,,"A transcrição apresenta uma aula sobre a santidade de Deus, sem anunciar, ler ou expor uma passagem bíblica principal; as referências à Escritura são apenas incidentais."
1350778393,Hebreus,10,19,10,25,"O pregador anuncia, lê e expõe Hebreus 10:19-25, continuando especialmente a exposição dos versículos 23 a 25."
1855434897,,,,,,A aula anuncia que exporá o inciso 2 do capítulo 2 da Confissão de Fé de Westminster sobre a autossuficiência de Deus; as passagens bíblicas citadas são apenas textos de apoio.
1350463276,Hebreus,10,19,10,25,"O pregador anuncia e lê em voz alta Hebreus 10:19-25, dizendo que fará a exposição dos versos 19 a 25."
1830909057,,,,,,"A aula expõe o capítulo 2 da Confissão de Fé de Westminster, “De Deus e da Santíssima Trindade”, citando diversos textos bíblicos apenas como apoio, sem anunciar uma passagem principal."
1350283645,Lucas,4,1,4,13,"O pregador anuncia e lê Lucas 4:1–13, a narrativa da tentação de Jesus, e mantém essa passagem como o texto principal da exposição."
1929127214,,,,,,"A aula anuncia a exposição dos incisos 1 e 2 do capítulo 7 da Confissão de Fé de Westminster, sobre o pacto de obras, e as passagens bíblicas são citadas apenas como apoio."
1420250629,,,,,,"O início apresenta um estudo temático sobre Sola Scriptura e cita várias passagens incidentalmente, sem anunciar ou expor uma passagem bíblica principal."
1929130661,,,,,,"A aula é sobre o capítulo 7 da Confissão de Fé de Westminster e expõe o pacto de Deus, usando Êxodo 2:24 e 2 Samuel 7:8-16 apenas como exemplos, não como passagem principal."
1170142129,Êxodo,21,1,21,11,O pregador anuncia Êxodo capítulo 21 e lê explicitamente os versículos 1 a 11 como o texto da exposição.
1837930761,,,,,,"O sermão é uma aula sobre a Confissão de Fé de Westminster, seção “De Deus e da Santíssima Trindade II”, e as passagens bíblicas mencionadas servem apenas como textos-prova dos atributos de Deus."
1170141526,Êxodo,20,1,20,2,"O pregador anuncia “Êxodo 20, versículos 1 e 2” e lê esses versículos como base da exposição sobre a lei moral e os Dez Mandamentos."
1349931310,Isaías,9,6,9,6,"O pregador pediu que a igreja abrisse em Isaías 9:6, leu o versículo e destacou o título de Jesus como “Maravilhoso Conselheiro”."
2269875407,Efésios,6,10,6,20,"O pregador convida a abrir em Efésios 6:10, anuncia que lerá até o versículo 20 e expõe o texto sobre a armadura de Deus."
2028129428,,,,,,"A aula retoma o capítulo 20 da Confissão de Fé de Westminster sobre liberdade cristã e liberdade de consciência, usando apenas referências bíblicas incidentais."
2293691186,2 Coríntios,10,4,10,6,"A aula começa com a leitura anunciada de 2 Coríntios 10:4-6, apresentada como a palavra do Senhor."
2121601809,Hebreus,12,4,12,13,"O pregador pede que a igreja abra em Hebreus 12, versículo 4, lê e medita sobre a disciplina divina até a exortação de restabelecer as mãos descaídas e os joelhos trôpegos."
2150987076,,,,,,"A aula trata do plano de Deus para a humanidade e da doutrina da glorificação, no contexto da Confissão de Fé de Westminster; Salmo 19, Isaías 6, Êxodo 40 e outras passagens são apenas citadas como apoio."
2051377792,Mateus,12,1,12,8,"O pregador anuncia explicitamente: “Texto de Mateus, capítulo 12, os versos de 1 a 8” e expõe essa passagem sobre o sábado."
2002812519,,,,,,"O início anuncia uma aula sobre o capítulo 16 da Confissão de Fé de Westminster, “Das Boas Obras”, usando diversos textos bíblicos apenas como referências."
2098806738,,,,,,"A aula anuncia e expõe o capítulo 27 da Confissão de Fé de Westminster sobre os sacramentos, não uma passagem bíblica principal."
2165791422,Hebreus,11,,,,O pregador pediu que deixassem a Bíblia aberta em Hebreus 11 e anunciou: “Hoje à noite eu vou tratar de Hebreus 11”.
2166230130,Ezequiel,33,,33,,"O pregador anuncia: “Ezequiel, capítulo 33”, diz que a passagem é longa e começa a ler desde o versículo 1."
2126315136,,,,,,"É uma aula temática sobre a diaconia e o serviço de toda a igreja, organizada em três áreas e apoiada em várias passagens, sem um texto principal único."
2082719532,Romanos,13,1,13,4,"O pregador anuncia Romanos 13 e lê os versículos 1 a 4 sobre a autoridade civil instituída por Deus, sua função de promover o bem e punir o mal."
2269893431,João,4,35,4,35,"A aula começa com a leitura de João 4:35, sobre erguer os olhos e ver os campos prontos para a ceifa, relacionando o texto à viagem missionária."
2166582093,,,,,,"O início apresenta o tema das estratégias para viver a cidadania celestial e apenas relembra incidentalmente Ezequiel 33, sem anunciar ou expor uma passagem principal."
2293717964,Romanos,1,18,1,21,O pregador anuncia Romanos 1 e lê em voz alta os versículos 18 a 21 como texto de abertura.
2051387756,,,,,,"A transcrição anuncia uma aula sobre o capítulo 18 da Confissão de Fé de Westminster, tratando doutrinariamente da certeza da graça e da salvação, sem indicar uma passagem bíblica principal."
2039084780,,,,,,"É uma aula sobre o capítulo 21 da Confissão de Fé de Westminster, com várias passagens bíblicas citadas apenas como apoio, sem um texto principal anunciado para exposição."
2122341177,1 Coríntios,5,,,,"O pregador anuncia 1 Coríntios capítulo 5, pede que a igreja abra o texto e afirma que vai ler todo o capítulo, expondo-o sobre a disciplina eclesiástica."
1987384315,,,,,,"A aula anuncia e expõe o capítulo 14 da Confissão de Fé de Westminster, sobre a fé salvadora, usando diversas passagens bíblicas apenas como apoio."
2218486739,Romanos,4,1,4,12,"O professor anuncia que vai ler e refletir sobre Romanos 4, citando e expondo especialmente os versículos 1 a 12 sobre a fé de Abraão e a circuncisão como selo da justiça."
2151670083,,,,,,"A aula é sobre o capítulo 32 da Confissão de Fé de Westminster e trata doutrinariamente do estado após a morte e da ressurreição, sem anunciar ou expor uma passagem bíblica principal."
2013953571,,,,,,"É uma aula sobre o capítulo 17 da Confissão de Fé de Westminster, “Da Perseverança dos Santos”, sem anunciar ou expor uma passagem bíblica principal; Isaías 55:6 é citado apenas incidentalmente."
2109763098,,,,,,"A aula é sobre o capítulo 24 da Confissão de Fé de Westminster, “Do Matrimônio e do Divórcio”; Efésios 5:22-30 e Gênesis 2:24 aparecem apenas como textos de apoio."
2267738624,,,,,,"A aula é temática sobre Paulo e evangelismo e desenvolve várias passagens de Filipenses, 2 Timóteo, 1 Coríntios e Atos, sem anunciar ou expor um texto principal único."
2177698323,Levítico,11,,,,"O pregador anuncia que começará pelo livro de Levítico e expõe o capítulo 11, especialmente suas leis sobre pureza e impureza."
1987697979,,,,,,"A aula é um estudo das duas últimas sessões do capítulo 14 da Confissão de Fé de Westminster sobre a fé salvadora, usando diversas citações bíblicas apenas como apoio."
2297039825,3 João,1,8,,,"O pregador afirma explicitamente que o texto-base da aula é 3 João 1:8, sobre apoiar os missionários."
2129403540,,,,,,"É uma aula sobre o capítulo 31 da Confissão de Fé de Westminster, e Atos 15:1-6 e Tito 1:5 aparecem apenas como textos de apoio, sem uma passagem principal sendo exposta."
2068004408,Mateus,5,33,5,37,O pregador anuncia: “Abram suas Bíblias em Mateus capítulo 5” e diz que lerá e analisará os versículos 33 a 37 sobre os juramentos.
2039261060,João,4,23,4,24,O pregador anuncia explicitamente João 4:23-24 como o texto-chave e lê a declaração de Jesus sobre adorar o Pai em espírito e em verdade.
2155492935,,,,,,"A aula expõe o capítulo 33 da Confissão de Fé de Westminster e apenas cita várias passagens, como Joel 2, Salmo 50 e Sofonias 1, sem anunciar um texto bíblico principal."
2221536488,1 Pedro,3,20,3,22,"O pregador lê e expõe 1 Pedro 3:20-22, relacionando o dilúvio de Noé ao batismo como apelo por uma boa consciência."
2025323328,,,,,,"A aula anuncia explicitamente que dará sequência ao capítulo 19 da Confissão de Fé de Westminster sobre a lei de Deus, sem anunciar uma passagem bíblica principal para exposição."
2107309704,,,,,,"A transcrição apresenta uma aula sobre o capítulo 26 da Confissão de Fé de Westminster, “Da Comunhão dos Santos”, usando vários versículos apenas como apoio, sem anunciar ou expor uma passagem bíblica principal."
2268513059,1 Pedro,2,9,2,9,"O pregador anuncia e lê 1 Pedro 2:9, usando o versículo para expor que a proclamação das virtudes de Deus é propósito da redenção e motivação suprema do evangelismo."
2082740580,Deuteronômio,17,14,17,20,"O pregador anuncia Deuteronômio 17:14 e expõe a seção sobre o rei de Israel, incluindo suas restrições e sua submissão à Lei."
1992129555,,,,,,"A aula anuncia e expõe o capítulo 15 da Confissão de Fé de Westminster sobre o arrependimento para a vida, sem indicar uma passagem bíblica principal."
2125398285,Atos,6,1,6,6,"O pregador convida a igreja a abrir em Atos 6 e lê o texto dos versículos 1 a 6, apresentando-o como o texto clássico sobre a origem da diaconia."
2133462618,,,,,,"É uma aula da EBD sobre os capítulos 32 e 33 da Confissão de Fé de Westminster e sobre o plano de Deus para a humanidade; Gênesis 1 é apenas citado como apoio, não apresentado como passagem principal."
2186621798,Salmos,51,,,,"O pregador anuncia que examinará o Salmo 51, pede que a igreja o abra e expõe seus versículos como uma das passagens principais sobre a purificação do coração."
2109763392,,,,,,"O conteúdo é uma aula sobre o capítulo 25 da Confissão de Fé de Westminster, tratando da doutrina da Igreja, sem anunciar uma passagem bíblica principal."
2158737579,,,,,,"O sermão é uma aula sobre a seção 2 da Confissão de Fé de Westminster, tratando doutrinariamente do juízo final; Romanos 9, Efésios 2 e Romanos 2 são citados apenas como passagens de apoio."
2358906275,,,,,,"É uma aula temática sobre a história bíblica das missões, com vários textos citados, mas sem uma passagem principal anunciada ou exposta."
2042875164,Levítico,10,1,10,2,"O pregador anuncia Levítico 10:1-2 como um dos textos-chave, lê o relato de Nadabe e Abiú e o expõe em relação ao culto."
2139284433,,,,,,"A aula expõe a doutrina da graça dentro do plano de Deus para a humanidade e os capítulos finais da Confissão de Fé de Westminster, sem anunciar ou expor uma passagem bíblica principal."
2002797083,,,,,,A aula expõe o capítulo 10 da Confissão de Fé de Westminster sobre a vocação eficaz; 1 Coríntios 1:20-25 aparece apenas como uma das citações bíblicas usadas.
2086853619,,,,,,"A transcrição apresenta uma aula sobre o capítulo 23 da Confissão de Fé de Westminster, sem anunciar ou expor uma passagem bíblica principal; Gênesis 9 é mencionado apenas como texto da pregação da noite."
2125403148,1 Timóteo,3,8,3,13,"O pregador anuncia 1 Timóteo 3 como o texto clássico sobre as qualificações dos diáconos e inicia a exposição no versículo 8, seguindo até a promessa do versículo 13."
2055753816,1 Tessalonicenses,4,1,4,8,"A pregadora anuncia que vai ler e explicar 1 Tessalonicenses 4:1-8, sobre santificação e pecados sexuais."
2055760664,Tito,2,3,2,5,"A pregadora anuncia explicitamente que vai ler Tito 2, versos 3 a 5, e lê esse trecho como fundamento da exposição sobre o papel da mulher."
2068812956,,,,,,"O sermão é uma aula sobre o capítulo 22 da Confissão de Fé de Westminster, tratando dos votos, e apenas cita várias passagens bíblicas de apoio sem anunciar uma passagem principal."
2055759268,Romanos,12,1,12,2,"A pregadora pede que as ouvintes abram em Romanos 12:1-2, lê os versículos e afirma que usará esse texto para iniciar a exposição."
2297238698,2 Coríntios,3,18,3,18,"A pregadora anuncia que vai tratar de 2 Coríntios 3:18, pede que abram nesse texto e o lê em voz alta como base da exposição."
2123517330,Romanos,1,20,1,21,"O pregador anuncia explicitamente a leitura de Romanos 1, versículos 20 e 21, como diagnóstico da corrupção da sociedade."
2165094324,Lucas,22,7,22,20,O pregador anuncia a leitura de Lucas 22:7-20 e expõe esse texto como o relato da instituição da Ceia do Senhor.
2123519028,,,,,,"A palestra desenvolve o dever de glorificar a Deus, a pergunta 2 do Catecismo e a função da lei, citando diversos textos sem anunciar ou expor uma passagem bíblica principal."
2123519739,,,,,,"A transcrição é uma sessão de perguntas e respostas sobre culto e dever cristão, sem anúncio ou exposição de uma passagem principal; Deuteronômio 6 é citado apenas como base temática."
