grupo_slug,grupo_nome,topico_slug,topico_nome,descricao
biblia-e-doutrina,Bíblia e Doutrina,autoridade-das-escrituras,Autoridade das Escrituras,"Inspiração, suficiência, clareza e autoridade da Palavra de Deus."
biblia-e-doutrina,Bíblia e Doutrina,atributos-de-deus,Atributos de Deus,"As perfeições divinas, como soberania, amor, sabedoria e onipotência."
biblia-e-doutrina,Bíblia e Doutrina,trindade-e-ser-de-deus,Trindade e ser de Deus,"A unidade, espiritualidade e autossuficiência do Deus triúno."
biblia-e-doutrina,Bíblia e Doutrina,decretos-e-eleicao,Decretos e eleição,"O propósito eterno de Deus, a predestinação e o problema do mal."
biblia-e-doutrina,Bíblia e Doutrina,criacao-e-queda,Criação e queda,"A criação, a dignidade humana, o pecado e suas consequências."
biblia-e-doutrina,Bíblia e Doutrina,providencia-de-deus,Providência de Deus,"Como Deus sustenta, governa e conduz todas as coisas."
biblia-e-doutrina,Bíblia e Doutrina,aliancas-biblicas,Alianças bíblicas,Os pactos de Deus com a humanidade e seu cumprimento na redenção.
biblia-e-doutrina,Bíblia e Doutrina,confissoes-e-reforma,Confissões e Reforma,"A Confissão de Westminster, os símbolos de fé e os princípios da Reforma."
cristo-e-o-evangelho,Cristo e o Evangelho,cristo-o-mediador,"Cristo, o Mediador","A pessoa, as naturezas e a obra mediadora de Jesus Cristo."
cristo-e-o-evangelho,Cristo e o Evangelho,encarnacao-e-reino-de-cristo,Encarnação e reino de Cristo,"A vinda do Filho, seu reino e o cumprimento das promessas messiânicas."
cristo-e-o-evangelho,Cristo e o Evangelho,expiacao-e-redencao,Expiação e redenção,"O sangue de Cristo, sua cruz e a redenção dos pecadores."
cristo-e-o-evangelho,Cristo e o Evangelho,justificacao-pela-fe,Justificação pela fé,"A justiça de Cristo recebida pela fé, sem mérito ou obras humanas."
cristo-e-o-evangelho,Cristo e o Evangelho,graca-eficaz-e-chamado,Graça eficaz e chamado,A ação soberana da graça que chama e transforma os pecadores.
cristo-e-o-evangelho,Cristo e o Evangelho,adocao-e-heranca,Adoção e herança,A filiação recebida em Cristo e a esperança da herança eterna.
cristo-e-o-evangelho,Cristo e o Evangelho,espirito-santo-e-selamento,Espírito Santo e selamento,"A presença, o selo e a obra do Espírito na vida dos cristãos."
cristo-e-o-evangelho,Cristo e o Evangelho,ressurreicao-e-ascensao,Ressurreição e ascensão,A vitória de Cristo sobre a morte e sua exaltação à direita do Pai.
vida-crista,Vida Cristã,santificacao,Santificação,A obra e a prática do crescimento em santidade e obediência.
vida-crista,Vida Cristã,emocoes-e-sentimentos,Emoções e sentimentos,"Como a Palavra de Deus orienta emoções, afetos e respostas interiores."
vida-crista,Vida Cristã,oracao,Oração,"A oração cristã, seus motivos, práticas e confiança em Deus."
vida-crista,Vida Cristã,jejum-e-disciplinas-espirituais,Jejum e disciplinas espirituais,O jejum e outras práticas de devoção diante de Deus.
vida-crista,Vida Cristã,perdao-e-reconciliacao,Perdão e reconciliação,O perdão recebido de Deus e praticado nos relacionamentos.
vida-crista,Vida Cristã,palavras-e-comunicacao,Palavras e comunicação,"Verdade, mentira, ira, edificação e domínio da língua."
vida-crista,Vida Cristã,dinheiro-e-contentamento,Dinheiro e contentamento,"Avareza, riquezas, generosidade e satisfação na providência de Deus."
vida-crista,Vida Cristã,batalha-espiritual,Batalha espiritual,A resistência ao pecado e ao mal mediante a armadura de Deus.
igreja-e-ministerio,Igreja e Ministério,natureza-e-missao-da-igreja,Natureza e missão da Igreja,"A identidade, as marcas, a unidade e o propósito da Igreja de Cristo."
igreja-e-ministerio,Igreja e Ministério,comunhao-e-unidade,Comunhão e unidade,"A vida compartilhada, a humildade e a unidade entre os membros."
igreja-e-ministerio,Igreja e Ministério,culto-publico,Culto público,"Princípios bíblicos para adoração, liturgia e participação no culto."
igreja-e-ministerio,Igreja e Ministério,batismo,Batismo,"O significado, a prática e o batismo de filhos na aliança."
igreja-e-ministerio,Igreja e Ministério,ceia-do-senhor,Ceia do Senhor,"A teologia da Ceia, sua celebração e questões relacionadas ao vinho."
igreja-e-ministerio,Igreja e Ministério,presbiteros-e-pastores,Presbíteros e pastores,"Qualificações, responsabilidades e escolha dos líderes docentes da igreja."
igreja-e-ministerio,Igreja e Ministério,diaconia,Diaconia,O serviço dos diáconos e o cuidado prático com a comunidade cristã.
igreja-e-ministerio,Igreja e Ministério,governo-e-disciplina-eclesiastica,Governo e disciplina eclesiástica,"Autoridade, ordem, decisões e correção no governo da igreja."
familia-e-relacionamentos,Família e Relacionamentos,casamento-cristao,Casamento cristão,"O propósito, a aliança e o significado do casamento diante de Deus."
familia-e-relacionamentos,Família e Relacionamentos,preparo-para-o-casamento,Preparo para o casamento,"Orientações para solteiros, namoro e preparação responsável para casar."
familia-e-relacionamentos,Família e Relacionamentos,marido-e-esposa,Marido e esposa,"Amor, submissão, liderança e cuidado mútuo no casamento."
familia-e-relacionamentos,Família e Relacionamentos,divorcio-e-permanencia,Divórcio e permanência,A fidelidade da aliança e os desafios da permanência no casamento.
familia-e-relacionamentos,Família e Relacionamentos,criacao-de-filhos,Criação de filhos,"Responsabilidades dos pais na disciplina, formação e proteção dos filhos."
familia-e-relacionamentos,Família e Relacionamentos,educacao-crista,Educação cristã,Bases bíblicas para ensinar crianças e formar discípulos no lar.
familia-e-relacionamentos,Família e Relacionamentos,culto-domestico,Culto doméstico,"Práticas para cultivar a fé, a Palavra e a adoração em família."
familia-e-relacionamentos,Família e Relacionamentos,pureza-e-fidelidade-sexual,Pureza e fidelidade sexual,"Santidade do corpo, pureza dos pensamentos e fidelidade nos relacionamentos."
sofrimento-e-esperanca,Sofrimento e Esperança,enfermidade-e-fragilidade,Enfermidade e fragilidade,"O lugar da doença, do corpo e da fragilidade na vida cristã."
sofrimento-e-esperanca,Sofrimento e Esperança,ansiedade-e-medo,Ansiedade e medo,"Como enfrentar preocupações, inseguranças e temores confiando em Deus."
sofrimento-e-esperanca,Sofrimento e Esperança,tribulacao-e-perseveranca,Tribulação e perseverança,"A fidelidade cristã em meio a provações, oposição e sofrimento."
sofrimento-e-esperanca,Sofrimento e Esperança,consolo-cristao,Consolo cristão,O encorajamento mútuo e as promessas de Deus em tempos difíceis.
sofrimento-e-esperanca,Sofrimento e Esperança,lamento-e-confianca,Lamento e confiança,"Como levar dúvidas, dor e perplexidade a Deus sem abandonar a fé."
sofrimento-e-esperanca,Sofrimento e Esperança,morte-e-eternidade,Morte e eternidade,"A morte, o lar celestial e a esperança da vida eterna."
sofrimento-e-esperanca,Sofrimento e Esperança,ressurreicao-e-consumacao,Ressurreição e consumação,"A esperança futura, a volta de Cristo e a consumação da redenção."
sofrimento-e-esperanca,Sofrimento e Esperança,cuidado-de-deus,Cuidado de Deus,A presença e o cuidado providencial de Deus em circunstâncias adversas.
sociedade-e-vocacao,Sociedade e Vocação,magistrado-civil,Magistrado civil,"A autoridade civil, sua função e seus limites diante da soberania de Deus."
sociedade-e-vocacao,Sociedade e Vocação,liberdade-religiosa,Liberdade religiosa,A liberdade de consciência e de expressão da fé na sociedade.
sociedade-e-vocacao,Sociedade e Vocação,apologetica,Apologética,Defesa racional e bíblica da fé cristã diante de questionamentos.
sociedade-e-vocacao,Sociedade e Vocação,evangelismo-e-missoes,Evangelismo e missões,"O anúncio do evangelho, o testemunho público e a expansão da Igreja."
sociedade-e-vocacao,Sociedade e Vocação,trabalho-e-vocacao,Trabalho e vocação,"O trabalho como chamado de Deus, serviço ao próximo e exercício de responsabilidade."
sociedade-e-vocacao,Sociedade e Vocação,justica-e-leis,Justiça e leis,"Princípios bíblicos de justiça, punição e aplicação da lei na sociedade."
sociedade-e-vocacao,Sociedade e Vocação,verdade-e-integridade,Verdade e integridade,"O compromisso com a verdade, o bom testemunho e a rejeição da mentira."
sociedade-e-vocacao,Sociedade e Vocação,bens-e-responsabilidade,Bens e responsabilidade,"Propriedade, furto, caridade e uso responsável dos recursos."
